,title,num_reviews,rating
0,Learn Python Programming Masterclass,72451,4.589683
1,The Python Mega Course: Build 10 Real World Applications,47679,4.5856194
2,2021 Complete Python Bootcamp From Zero to Hero in Python,357060,4.5977464
3,100 Days of Code - The Complete Python Pro Bootcamp for 2021,24302,4.7419677
4,Complete Python Developer in 2021: Zero to Mastery,26306,4.68304
5,Python for Beginners: Learn Python Programming (Python 3),14595,4.4704666
6,The Complete Python Course | Learn Python by Doing,13520,4.594202
7,Complete Python from Beginner to Professional,494,4.6148276
8,Machine Learning A-Z™: Hands-On Python & R In Data Science,143882,4.5043297
9,The Python Bible™ | Everything You Need to Program in Python,32533,4.666758
10,Python for Finance: Investment Fundamentals & Data Analytics,21167,4.5509915
11,The Modern Python 3 Bootcamp,22647,4.7028613
12,REST APIs with Flask and Python,12925,4.612616
13,Data Analysis with Pandas and Python,12906,4.6486115
14,Python for beginners,17653,4.411438
15,Spark and Python for Big Data with PySpark,14310,4.4536123
16,Python for Absolute Beginners,18403,4.4676104
17,Python and Django Full Stack Web Developer Bootcamp,37929,4.508746
18,The Complete Python 3 Course: Beginner to Advanced!,21586,4.098191
19,Python for Financial Analysis and Algorithmic Trading,15227,4.4737363
20,Python A-Z™: Python For Data Science With Real Exercises!,19938,4.581776
21,Programming with Python : HandsOn Introduction for Beginners,10346,4.393789
22,Learning Python for Data Analysis and Visualization,16069,4.321853
23,Taming Big Data with Apache Spark and Python - Hands On!,10245,4.444156
24,Python Bootcamp 2021 Build 15 working Applications and Games,9647,4.2393837
25,The Complete Python Masterclass: Learn Python From Scratch,6059,4.4538136
26,Python for Beginners with Examples,8925,4.4585114
27,30 Days of Python | Unlock your Python Potential,7187,4.4710803
28,Data Science: Deep Learning and Neural Networks in Python,7264,4.577892
29,Python for Excel: Use xlwings for Data Science and Finance,207,4.6920915
30,Learn to Code with Python,3170,4.6436257
31,Python Complete Masterclass for Beginners,2275,4.4986935
32,"Algorithmic Trading: Backtest, Optimize & Automate in Python",1642,4.500637
33,Python OOP : Four Pillars of OOP in Python 3 for Beginners,7466,4.43323
34,Python Programming Bootcamp,1325,4.614442
35,Python for Computer Vision with OpenCV and Deep Learning,5984,4.6038055
36,Complete 2-in-1 Python for Business and Finance Bootcamp,449,4.703794
37,Master Math by Coding in Python,1215,4.7459435
38,Python Coding MADE EASY : A Python Coding Course in Python 3,3486,4.672049
39,Design Patterns in Python,1249,4.460517
40,Learn to Code with Python 3!,3557,4.040277
41,Python Programming,31,4.808574
42,Python Programming for Beginners in Data Science,2770,4.241994
43,Complete Python & Python OOP with Exercises& Projects in2021,154,3.7367153
44,PYTHON - A to Z Full Course for Beginners,1239,4.4967217
45,Python 3 from Beginner to Expert - Learn Python from Scratch,154,4.560824
46,Learn Python: Python for Beginners,2556,4.017118
47,Python for Absolute Beginners: Learn Python in a Week,835,4.820127
48,GUI Development with Python and Tkinter,1218,4.6944413
49,Python for Programmers,1679,4.270683
50,Python for Beginners: Learn how to code properly in 2021,36,4.836509
51,The Complete Python 3 Masterclass - From Beginner To Pro,681,4.7209506
52,Complete Python Scripting for Automation,1194,4.4953923
53,Python 2021:Complete Python Bootcamp:Zero-Hero Programming,432,4.2596292
54,Learn Python: The Complete Python Programming Course,1681,4.095475
55,Python: Learn Python with Real Python Hands-On Examples,89,4.464624
56,Python 101,1142,4.4407616
57,Python Programming Beginners Tutorial : Python 3 Programming,1995,4.010612
58,Python Developer: Python/Django/Flask/PostgreSQL/MySQL/API,131,4.399269
59,Python PCEP: Become Certified Entry-Level Python Programmer,8,4.881846
